Headline,label
"Tesla stock surges after EV demand boom",1
"Bank faces fines for fraud allegations",0
"Oil prices stable despite tensions",2
"Apple shares climb after record iPhone sales",1
"Market crashes amid recession fears",0
"Gold prices hold steady in volatile market",2
"Amazon profits soar with cloud growth",1
"Tech stocks plummet after Fed rate hike",0
"Bitcoin hits new high as adoption grows",1
"Retail sector unchanged despite holiday sales",2
"GM recalls vehicles over safety concerns",0
"Microsoft announces major AI partnership",1
"Inflation data sparks mixed market reactions",2
"Energy stocks rally on rising oil demand",1
"Pharma giant sued for patent violations",0
"Wall Street opens flat after jobs report",2
"Toyota boosts production on EV optimism",1
"Airline stocks drop due to fuel cost surge",0
"Real estate market steady as rates stabilize",2
"Chip shortage hits semiconductor stocks",0
"Nvidia stock plummets after weak earnings forecast",0
"Fed signals interest rate cut next month",1
"Gold prices unchanged amid global uncertainty",2
"Microsoft shares rally on cloud revenue growth",1
"Bankruptcy fears hit retail chain stocks",0
"Eurozone GDP growth remains flat this quarter",2
"Tesla unveils new battery tech, boosting shares",1
"Oil prices drop as supply concerns ease",0
"Cryptocurrency market steady after regulatory talks",2
"Apple faces antitrust probe, shares dip",0
"Amazon expands logistics, stock climbs higher",1
"Inflation spikes, rattling bond markets",0
"Tech sector outlook stable despite volatility",2
"Meta invests heavily in metaverse, shares fall",0
"Renewable energy stocks soar on policy support",1
"USD strengthens as trade deficit narrows",1
"Airlines report losses amid rising fuel costs",0
"Semiconductor stocks steady after supply chain fix",2
"Walmart sales surge during holiday season",1
"Real estate market slumps as rates rise",0
"Bitcoin dips below $50K on regulatory fears",0
"Pharma stocks rally after FDA approval news",1
"Market indices flat after mixed earnings reports",2
"Google announces AI breakthrough, stock jumps",1
"Automakers hit by chip shortage delays",0
"Oil demand rises, boosting energy stocks",1
"Bank shares stable despite loan default risks",2
"Tesla rival launches affordable EV, shares drop",0
"Goldman Sachs predicts strong market rebound",1
"Consumer confidence steady despite inflation fears",2
"Intel cuts jobs, stock takes hit",0
"Green energy firms gain on climate deal",1
"Yen weakens as Japan’s exports falter",0
"Retail stocks mixed after earnings season",2
"Apple supplier Foxconn reports profit decline",0
"Crypto exchanges face new tax scrutiny",0
"Amazon Web Services drives record profits",1
"Market braces for Fed’s rate decision",2
"Biotech startup secures funding, shares soar",1
"Steel prices fall as demand slows",0
"Tech giants rally on AI investment boom",1
"Bank of America warns of recession risks",0
"Commodity markets stable amid trade talks",2
"Netflix subscriber growth boosts stock price",1
"FedEx reports losses from supply chain issues",0
"Solar stocks rise on green energy demand",1
"European markets flat after ECB meeting",2
"Meta faces privacy lawsuit, shares decline",0
"Gold rallies as safe-haven demand grows",1
"Inflation data surprises, markets stay calm",2
"Alibaba stock drops after regulatory crackdown",0
"EV battery startup secures major deal",1
"Oil supply disruptions spark price volatility",0
"Retail sales steady despite economic headwinds",2
"Microsoft acquires gaming studio, stock rises",1
"Bank stocks fall on rising loan defaults",0
"Cryptocurrency adoption grows, Bitcoin surges",1
"Market sentiment mixed after GDP report",2
"Tesla factory expansion lifts investor confidence",1
"Pharma stocks drop after drug trial failure",0
"Renewable energy subsidies boost solar stocks",1
"Global markets steady despite trade tensions",2
"Apple’s new product launch sparks rally",1
"Airline stocks hit by travel restrictions",0
"Gold prices dip as dollar strengthens",0
"Tech earnings beat expectations, stocks climb",1
"Recession fears weigh on consumer stocks",0
"Commodity prices stable after OPEC meeting",2
"Amazon faces union push, shares slip",0
"EV stocks rally on government incentives",1
"Bank of Japan holds rates, markets flat",2
"Intel’s new chip launch boosts shares",1
"Retail chains report weak holiday sales",0
"Crypto markets soar on institutional investment",1
"Inflation fears ease, bonds remain steady",2
"Tesla’s new plant opens, stock surges",1
"Oil giants face environmental lawsuit, shares drop",0
"Tech sector thrives on AI adoption",1
"Markets brace for volatile earnings season",2
"Goldman Sachs upgrades Tesla, shares rise",1
"Automotive sales slump amid chip crisis",0
"Bitcoin hits record high on ETF approval",1
"European banks steady after stress tests",2
"Apple faces supply chain delays, stock dips",0
"Green tech firms gain on climate talks",1
"Oil prices climb after pipeline disruption",1
"Market indices unchanged after Fed remarks",2
"Meta’s ad revenue drops, shares decline",0
"Cryptocurrency regulations loom, markets steady",2
"Amazon’s logistics expansion lifts stock price",1
"Bank stocks hit by rising loan defaults",0
"EV demand surges, boosting battery stocks",1
"Inflation data aligns with forecasts, markets flat",2
"Tesla’s earnings beat expectations, shares soar",1
"Pharma giant faces patent expiry, stock falls",0
"Renewable energy stocks rise on policy support",1
"Global markets mixed after trade deal talks",2
"Microsoft’s cloud growth drives stock rally",1
"Retail sector slumps on weak consumer spending",0
"Gold prices steady amid economic uncertainty",2
"Tech stocks dip after valuation concerns",0
"Bitcoin surges on corporate adoption news",1
"Airlines face higher costs, stocks decline",0
"Oil markets stable after supply agreement",2
"Apple’s privacy changes boost investor confidence",1
"Bank of America reports profit decline",0
"EV startups gain on market optimism",1
"Markets flat as inflation fears subside",2
"Tesla opens new gigafactory, stock jumps",1
"Pharma stocks hit by regulatory delays",0
"Solar energy firms rally on subsidies",1
"Global trade tensions keep markets steady",2
"Amazon’s AI investments drive stock gains",1
"Retail chains struggle with inventory shortages",0
"Cryptocurrency markets rise on ETF rumors",1
"Fed signals steady rates, markets unchanged",2
"Intel’s chip shortage woes deepen, shares fall",0
"Green energy stocks soar on climate goals",1
"Oil prices drop after OPEC output hike",0
"Tech earnings season starts strong, stocks rise",1
"Bank stocks steady despite economic concerns",2
"Apple’s new iPhone launch sparks rally",1
"Automakers hit by rising material costs",0
"Bitcoin dips on regulatory uncertainty",0
"Commodity markets flat after trade talks",2
"Microsoft’s AI division boosts stock price",1
"Retail sales disappoint, stocks decline",0
"Gold rallies as inflation fears grow",1
"Markets steady after central bank meetings",2
"Tesla’s self-driving tech impresses, shares rise",1
"Pharma stocks drop after trial setbacks",0
"Renewable energy firms gain on green policies",1
"Global markets mixed amid trade negotiations",2
"Amazon’s cloud revenue surges, stock climbs",1
"Bank of Japan tightens policy, yen falls",0
"Crypto markets rally on bullish sentiment",1
"Inflation data surprises, markets remain calm",2
"Apple supplier reports strong earnings, stock rises",1
"Airline stocks slump on travel bans",0
"Gold prices stable despite dollar fluctuations",2
"Tech giants face antitrust scrutiny, shares dip",0
"EV battery firms secure funding, stocks soar",1
"Oil prices rise on geopolitical tensions",1
"Markets flat after mixed economic data",2
"Microsoft announces dividend hike, shares climb",1
"Retail chains struggle with inventory shortages",0
"Samsung stock dips after weak smartphone sales",0
"Crude oil prices rise on supply constraints",1
"Markets hold steady after ECB rate decision",2
"Google’s AI division boosts quarterly profits",1
"Retail chains face margin squeeze from inflation",0
"Cryptocurrency markets flat amid regulatory talks",2
"Ford expands EV production, shares climb",1
"Bank stocks hit by rising interest rates",0
"Gold prices stable despite market volatility",2
"Netflix stock surges on subscriber growth",1
"Automakers struggle with battery supply issues",0
"Renewable energy stocks rally on green subsidies",1
"USD weakens after trade balance widens",0
"Tech markets mixed after earnings reports",2
"Amazon’s ad revenue drives stock gains",1
"Pharma stocks drop after clinical trial setbacks",0
"Oil markets steady as OPEC meets",2
"Microsoft’s new product launch lifts shares",1
"Airline stocks slump on high jet fuel costs",0
"Bitcoin rallies on institutional buying spree",1
"Global indices flat after inflation data release",2
"Tesla’s autonomous driving tech sparks optimism",1
"Real estate stocks fall as mortgage rates climb",0
"Commodity prices stable amid trade negotiations",2
"Apple’s supply chain fix boosts shares",1
"Bank of America faces regulatory scrutiny",0
"Solar stocks soar on climate policy support",1
"Markets brace for Fed’s policy announcement",2
"Intel’s chip delays hit stock price",0
"Crypto exchanges gain on ETF speculation",1
"Gold dips as investor confidence grows",0
"Retail sales beat expectations, stocks rise",1
"European markets steady after GDP report",2
"Meta’s metaverse push weighs on shares",0
"EV startups secure funding, stocks surge",1
"Oil prices drop after supply chain resolution",0
"Tech sector rallies on AI innovation",1
"Bank stocks mixed after stress test results",2
"Tesla’s battery breakthrough lifts investor sentiment",1
"Pharma giant faces lawsuit, shares decline",0
"Renewable energy firms gain on tax credits",1
"Global markets flat amid trade deal talks",2
"Amazon’s logistics overhaul boosts stock price",1
"Automotive stocks hit by labor strikes",0
"Bitcoin surges after regulatory clarity",1
"Inflation fears subside, markets remain steady",2
"Apple’s new iPad launch drives rally",1
"Airlines report losses from travel slowdown",0
"Gold prices rise on safe-haven demand",1
"Tech earnings disappoint, stocks dip",0
"EV battery stocks climb on demand surge",1
"Markets stable after central bank meetings",2
"Microsoft’s cloud expansion lifts shares",1
"Retail chains struggle with rising costs",0
"Cryptocurrency markets rally on bullish news",1
"Fed holds rates, markets stay flat",2
"Intel’s new factory boosts stock outlook",1
"Pharma stocks hit by patent disputes",0
"Solar energy stocks rise on green incentives",1
"Global trade talks keep markets steady",2
"Amazon’s AI platform drives stock gains",1
"Bank stocks drop on loan default fears",0
"Bitcoin dips amid regulatory uncertainty",0
"Commodity markets flat after OPEC decision",2
"Apple supplier reports strong earnings, shares rise",1
"Airline stocks fall on fuel price hike",0
"Gold prices stable as dollar fluctuates",2
"Tech giants rally on AI adoption",1
"Retail sector slumps on weak demand",0
"EV firms gain on government grants",1
"Markets mixed after economic data release",2
"Tesla’s new model launch sparks rally",1
"Pharma stocks drop after FDA rejection",0
"Renewable energy stocks soar on policy news",1
"Global markets steady despite inflation concerns",2
"Microsoft’s gaming division boosts shares",1
"Bank of Japan tightens, yen weakens",0
"Crypto markets rise on ETF approval",1
"Inflation data aligns with forecasts, markets flat",2
"Apple’s privacy features lift stock price",1
"Automakers face supply chain disruptions",0
"Gold rallies on economic uncertainty",1
"Tech stocks dip after valuation warnings",0
"EV startups rally on investor optimism",1
"Markets flat after mixed GDP data",2
"Amazon’s cloud growth drives stock surge",1
"Retail chains report weak quarterly earnings",0
"Bitcoin hits new high on adoption news",1
"European banks stable after ECB tests",2
"Tesla’s factory expansion boosts shares",1
"Oil giants face environmental fines, stocks drop",0
"Solar stocks rally on green energy demand",1
"Markets brace for volatile trading week",2
"Microsoft announces share buyback, stock rises",1
"Pharma stocks hit by regulatory hurdles",0
"Gold prices dip as markets stabilize",0
"Tech sector thrives on innovation news",1
"Retail sales disappoint, stocks decline",0
"Cryptocurrency markets steady after volatility",2
"Apple’s new chip launch lifts shares",1
"Airline stocks slump on travel restrictions",0
"EV battery firms secure major contracts",1
"Global markets flat after trade talks",2
"Amazon’s ad platform boosts stock price",1
"Bank stocks drop after earnings miss",0
"Bitcoin rallies on corporate investment",1
"Inflation fears ease, markets hold steady",2
"Tesla’s AI advancements spark stock rally",1
"Pharma stocks fall after trial failures",0
"Solar energy firms gain on subsidies",1
"Markets mixed amid global trade tensions",2
"Microsoft’s cloud revenue surges, shares climb",1
"Retail chains face inventory shortages",0
"Gold prices stable despite economic data",2
"Tech stocks dip on regulatory concerns",0
"EV startups soar on market optimism",1
"Oil prices rise on supply disruptions",1
"Markets flat after Fed’s rate remarks",2
"Apple supplier faces production delays, stock dips",0
"Crypto markets rally on bullish sentiment",1
"Bank stocks steady despite recession fears",2
"Tesla’s new gigafactory lifts shares",1
"Pharma giant hit by patent expiry",0
"Renewable energy stocks rise on policy",1
"Global markets steady after ECB meeting",2
"Amazon’s logistics growth drives stock gains",1
"Automakers report weak sales, shares drop",0
"Bitcoin surges on ETF speculation",1
"Inflation data surprises, markets stay calm",2
"Apple’s iPhone sales boost stock price",1
"Airline stocks hit by rising costs",0
"Gold prices climb on safe-haven buying",1
"Tech earnings beat forecasts, stocks rise",1
"Retail sector slumps on consumer slowdown",0
"EV battery stocks rally on demand",1
"Markets flat after economic reports",2
"Microsoft’s AI investments lift shares",1
"Bank stocks drop on regulatory fines",0
"Cryptocurrency markets stable after news",2
"Tesla’s self-driving tech boosts stock",1
"Pharma stocks dip after drug recall",0
"Solar stocks soar on green initiatives",1
"Global markets mixed after trade deal",2
"Amazon’s cloud platform drives rally",1
"Retail chains struggle with supply issues",0
"Gold prices steady amid market volatility",2
"Tech stocks fall on antitrust scrutiny",0
"EV firms gain on government support",1
"Oil prices drop after OPEC agreement",0
"Markets steady after central bank talks",2
"Apple’s new product sparks stock surge",1
"Bank of America reports weak earnings",0
"Bitcoin rallies on institutional adoption",1
"Inflation fears subside, markets flat",2
"Tesla’s battery tech lifts investor confidence",1
"Pharma stocks hit by trial delays",0
"Solar energy stocks rise on incentives",1
"Global trade tensions keep markets steady",2
"Microsoft’s gaming push boosts shares",1
"Retail sales miss expectations, stocks dip",0
"Gold prices rise on economic fears",1
"Tech sector mixed after earnings season",2
"EV startups rally on funding news",1
"Oil prices climb after supply issues",1
"Markets flat after GDP data release",2
"Amazon’s AI division drives stock gains",1
"Bank stocks fall on loan concerns",0
"Cryptocurrency markets soar on ETF news",1
"Inflation data steady, markets unchanged",2
"Apple’s chip innovation lifts shares",1
"Airlines face losses from fuel costs",0
"Gold prices dip as dollar strengthens",0
"Tech stocks rally on AI breakthroughs",1
"Retail chains report weak holiday sales",0
"EV battery firms secure new deals",1
"Markets stable after Fed announcement",2
"Tesla’s factory opening boosts stock",1
"Pharma stocks drop after FDA scrutiny",0
"Solar stocks gain on climate policies",1
"Global markets flat amid trade talks",2
"Microsoft’s cloud growth sparks rally",1
"Automakers hit by chip shortages",0
"Bitcoin surges on regulatory clarity",1
"Inflation fears ease, markets steady",2
"Apple’s privacy push lifts stock price",1
"Bank stocks dip after earnings miss",0
"EV startups soar on investor confidence",1
"Markets mixed after economic data",2
"Tesla’s new model drives stock rally",1
"Pharma giant faces regulatory fines",0
"Renewable energy stocks rally on subsidies",1
"Global markets steady after ECB remarks",2
"Amazon’s logistics platform boosts shares",1
"Retail sector slumps on weak demand",0
"Gold prices stable amid uncertainty",2
"Tech stocks dip on valuation concerns",0
"Bitcoin rallies on corporate buying",1
"Airline stocks hit by travel bans",0
"Oil prices rise on geopolitical tensions",1
"Markets flat after central bank meetings",2
"Microsoft’s AI platform lifts stock price",1
"Bank of America faces loan defaults",0
"EV battery stocks surge on demand",1
"Inflation data aligns, markets steady",2
"Apple’s iPhone launch sparks rally",1
"Automakers report production delays",0
"Gold prices climb on safe-haven demand",1
"Tech earnings beat expectations, stocks rise",1
"Retail chains struggle with inflation",0
"Cryptocurrency markets stable after news",2
"Tesla’s autonomous tech boosts shares",1
"Pharma stocks dip after trial setbacks",0
"Solar energy firms gain on incentives",1
"Global markets mixed after trade talks",2
"Amazon’s cloud revenue drives stock surge",1
"Bank stocks drop on regulatory concerns",0
"Bitcoin surges on ETF approval",1
"Markets flat after economic reports",2
"Apple supplier reports strong earnings",1
"Airline stocks slump on fuel costs",0
"Gold prices steady despite volatility",2
"Tech giants rally on AI adoption",1
"Retail sales disappoint, stocks decline",0
"EV startups gain on market optimism",1
"Markets steady after Fed remarks",2
"Tesla’s factory expansion lifts shares",1
"Pharma stocks hit by patent issues",0
"Renewable energy stocks soar on policy",1
"Global trade talks keep markets flat",2
"Microsoft’s gaming division drives rally",1
"Automakers face supply chain issues",0
"Bitcoin dips on regulatory fears",0
"Inflation data steady, markets unchanged",2
"Apple’s new chip boosts stock price",1
"Bank stocks fall on earnings miss",0
"EV battery firms rally on contracts",1
"Markets mixed after GDP release",2
"Tesla’s AI tech sparks stock surge",1
"Pharma giant faces trial delays",0
"Solar stocks rise on green subsidies",1
"Global markets steady after ECB meeting",2
"Amazon’s ad platform lifts shares",1
"Retail chains report weak sales",0
"Gold prices rise on economic fears",1
"Tech stocks dip on regulatory scrutiny",0
"Bitcoin rallies on institutional investment",1
"Airline stocks hit by rising costs",0
"Oil prices drop after supply agreement",0
"Markets flat after central bank talks",2
"Microsoft’s cloud platform boosts stock",1
"Bank of America reports profit decline",0
"EV startups soar on funding news",1
"Inflation fears subside, markets steady",2
"Apple’s privacy features drive rally",1
"Automakers struggle with chip shortages",0
"Gold prices climb on uncertainty",1
"Tech earnings miss forecasts, stocks dip",0
"EV battery stocks rally on demand",1
"Markets stable after economic data",2
"Tesla’s new plant boosts shares",1
"Pharma stocks drop after FDA rejection",0
"Solar energy firms gain on policy",1
"Global markets flat after trade deal",2
"Amazon’s logistics growth lifts stock",1
"Retail sector slumps on weak demand",0
"Bitcoin surges on ETF speculation",1
"Markets steady after Fed announcement",2
"Apple’s iPhone sales spark rally",1
"Bank stocks hit by loan defaults",0
"EV startups rally on investor confidence",1
"Inflation data aligns, markets flat",2
"Tesla’s battery tech drives stock surge",1
"Pharma giant faces regulatory hurdles",0
"Renewable energy stocks rise on subsidies",1
"Global markets mixed after ECB remarks",2
"Microsoft’s AI investments boost shares",1
"Retail chains struggle with inflation",0
"Gold prices stable amid volatility",2
"Tech stocks fall on antitrust concerns",0
"Bitcoin rallies on corporate adoption",1
"Airline stocks dip on travel bans",0
"Oil prices rise on supply issues",1
"Markets flat after central bank meetings",2
"Apple supplier boosts stock price",1
"Bank of America faces regulatory fines",0
"EV battery firms secure new deals",1
"Inflation fears ease, markets steady",2
"Tesla’s autonomous tech lifts shares",1
"Pharma stocks hit by trial failures",0
"Solar stocks soar on green incentives",1
"Global trade tensions keep markets flat",2
"Amazon’s cloud platform drives rally",1
"Automakers report weak earnings",0
"Bitcoin surges on regulatory clarity",1
"Markets mixed after economic data",2
"Apple’s new product lifts stock price",1
"Retail sales miss expectations, stocks dip",0
"Gold prices climb on safe-haven demand",1
"Tech sector rallies on AI innovation",1
"Bank stocks drop on loan concerns",0
"EV startups gain on market optimism",1
"Markets steady after Fed remarks",2
"Tesla’s factory opening sparks rally",1
"Pharma stocks dip after patent disputes",0
"Renewable energy firms rally on policy",1
"Global markets flat after trade talks",2
"Microsoft’s gaming push lifts shares",1
"Retail chains face supply chain issues",0
"Bitcoin dips on regulatory uncertainty",0
"Inflation data steady, markets unchanged",2
"Apple’s chip launch boosts stock price",1
"Airline stocks slump on fuel costs",0
"Gold prices rise on economic fears",1
"Tech stocks dip on valuation warnings",0
"EV battery stocks rally on contracts",1
"Markets mixed after GDP release",2
"Tesla’s AI tech drives stock surge",1
"Pharma giant faces trial delays",0
"Solar energy stocks rise on subsidies",1
"Global markets steady after ECB meeting",2
"Amazon’s ad platform boosts shares",1
"Bank stocks fall on earnings miss",0
"Bitcoin rallies on ETF approval",1
"Markets flat after economic reports",2
"Apple’s privacy push sparks rally",1
"Automakers struggle with chip shortages",0
"Gold prices climb on uncertainty",1
"Tech earnings beat forecasts, stocks rise",1
"Retail sector slumps on weak demand",0
"EV startups soar on funding news",1
"Markets steady after Fed announcement",2
"Tesla’s new model lifts stock price",1
"Pharma stocks drop after FDA scrutiny",0
"Renewable energy stocks gain on policy",1
"Global trade talks keep markets flat",2
"Microsoft’s cloud revenue drives rally",1
"Retail chains report weak sales",0
"Bitcoin surges on institutional adoption",1
"Inflation fears subside, markets steady",2
"Apple’s iPhone launch boosts shares",1
RBI cuts interest rates, boosting bank liquidity,1
Reliance Industries wins major green energy contract,1
TCS faces delays in US project delivery,0
Adani Group secures funding for solar expansion,1
HDFC Bank under RBI scrutiny for loan practices,0
Infosys signs AI deal with global tech giant,1
Tata Steel reports higher raw material costs,0
India’s GDP growth slows in Q2, markets steady,2
Maruti Suzuki launches new EV model range,1
Airtel acquires 5G spectrum, stock outlook neutral,2
ONGC awarded deep-sea drilling contract,1
Bajaj Finance faces regulatory compliance issues,0
Sun Pharma gets USFDA approval for new drug,1
India’s inflation eases, supporting rupee value,1
Reliance Jio expands rural broadband coverage,1
HCLTech wins major cloud computing deal,1
Tata Motors faces supply chain bottlenecks,0
Bharti Airtel reports flat subscriber growth,2
Adani Power secures coal supply deal,1
ICICI Bank launches digital banking platform,1
Wipro’s AI division signs global partnership,1
Axis Bank under NPA pressure, stock neutral,2
Tata Power’s renewable energy push gains traction,1
Vedanta reports production delays, outlook cautious,0
Reliance Retail expands e-commerce presence,1
HDFC Life faces premium pricing challenges,0
Sun Pharma’s new facility boosts capacity,1
India’s forex reserves rise, rupee steady,2
Maruti Suzuki unveils new safety features,1
ONGC faces environmental regulation hurdles,0
Infosys reports strong quarterly revenue growth,1
Tata Steel’s new plant increases output,1
Airtel’s 5G rollout faces delays,0
Adani Enterprises secures infrastructure deal,1
HCLTech’s US client deal boosts confidence,1
Reliance Jio’s subscriber base grows steadily,2
Tata Motors expands EV battery production,1
ICICI Bank’s digital initiatives gain momentum,1
Sun Pharma faces patent litigation risks,0
India’s trade deficit widens, impacting rupee,0
Bajaj Finance launches new investment products,1
Vedanta’s aluminum division reports losses,0
Axis Bank’s loan growth remains flat,2
Tata Power signs solar energy deal,1
Wipro faces talent retention challenges,0
ONGC’s new offshore project secures funding,1
Reliance Retail’s online sales platform grows,1
HDFC Bank’s wealth management arm expands,1
Maruti Suzuki’s new models boost sales,1
Airtel’s rural expansion plans progress,1
Adani Group’s green energy unit grows,1
Sun Pharma’s R&D budget increases,1
India’s inflation data meets expectations,2
TCS’s cloud services drive revenue growth,1
Tata Steel faces higher input costs,0
Bajaj Finance reports strong loan disbursals,1
Reliance Jio’s 5G trials show promise,1
ICICI Bank’s digital transformation gains speed,1
Vedanta secures mining contract, stock steady,2
HCLTech’s AI solutions attract global clients,1
ONGC reports stable crude oil output,2
Tata Motors unveils new design patents,1
Axis Bank faces asset quality concerns,0
Sun Pharma’s generic drug sales rise,1
India’s fiscal deficit narrows, markets calm,2
Maruti Suzuki expands production capacity,1
Reliance Retail’s supply chain improves,1
HDFC Bank launches new credit products,1
Wipro’s software division reports growth,1
Airtel’s spectrum auction boosts connectivity,1
Adani Enterprises wins port development deal,1
Tata Steel’s new facility enhances efficiency,1
Bajaj Finance faces regulatory audit,0
Sun Pharma secures vaccine contract,1
India’s GST collections rise, economy steady,2
TCS’s digital services attract new clients,1
Reliance Jio expands 5G network coverage,1
HCLTech faces cybersecurity challenges,0
ONGC’s renewable energy plans gain funding,1
Tata Motors reports stable sales figures,2
Maruti Suzuki’s EV strategy shows progress,1
Axis Bank’s loan portfolio grows steadily,1
Sun Pharma faces drug pricing issues,0
India’s exports rise, supporting rupee value,1
Reliance Retail’s e-commerce platform expands,1
HDFC Bank’s wealth advisory arm grows,1
Wipro’s AI research attracts investment,1
Airtel’s 5G infrastructure plans advance,1
Adani Group secures railway contract,1
Tata Steel’s cost-cutting measures take effect,1
Bajaj Finance reports higher interest income,1
Sun Pharma’s new drug patent approved,1
India’s inflation remains manageable, markets flat,2
TCS’s cloud computing deals boost revenue,1
Reliance Jio’s rural connectivity improves,1
HCLTech signs major IT services contract,1
ONGC’s offshore drilling project progresses,1
Tata Motors faces labor union challenges,0
Maruti Suzuki’s new models gain traction,1
Axis Bank reports stable deposit growth,2
Sun Pharma’s R&D pipeline strengthens,1
India’s trade balance improves, rupee steady,2
Reliance Retail expands logistics network,1
HDFC Bank’s digital banking arm grows,1
Wipro’s software exports rise sharply,1
Airtel secures 5G spectrum license,1
Adani Enterprises wins airport contract,1
Tata Steel’s production costs decline,1
Bajaj Finance faces loan default risks,0
Sun Pharma’s vaccine trials show promise,1
India’s forex reserves remain strong,2
TCS’s AI division secures funding,1
Reliance Jio’s subscriber growth accelerates,1
HCLTech reports stable IT revenue,2
ONGC’s renewable energy unit expands,1
Tata Motors unveils new EV designs,1
Maruti Suzuki faces supply chain delays,0
Axis Bank’s loan approvals rise steadily,1
Sun Pharma secures drug licensing deal,1
India’s inflation data supports rupee stability,2
Reliance Retail’s online platform grows rapidly,1
HDFC Bank launches new investment services,1
Wipro’s cloud division attracts clients,1
Airtel’s 5G rollout progresses smoothly,1
Adani Group secures infrastructure funding,1
Tata Steel reports lower input costs,1
Bajaj Finance’s loan portfolio expands,1
Sun Pharma faces regulatory compliance issues,0
India’s exports boost economic growth,1
Reliance Jio’s network expansion gains momentum,1